{"A": {"Abbeizmittel": ["Problemstoffsammelstelle", "Mistplatz"], "Abflussreiniger": ["Problemstoffsammelstelle", "Mistplatz"], "Akkus": ["Fachhandel", "Problemstoffsammelstelle", "Mistplatz"], "Altspeise\u00f6l": ["Problemstoffsammelstelle", "Mistplatz"], "Aludosen": ["Metalltonne", "Mistplatz"], "Alufolien": ["Metalltonne", "Mistplatz"], "Aluminiumgeschirr": ["Metalltonne", "Mistplatz"], "Anstrichfarben": ["Problemstoffsammelstelle", "Mistplatz"], "Arzneimittel": ["Apotheken", "Problemstoffsammelstelle", "Mistplatz"], "Asbestzement gr\u00f6\u00dfer als 90 cm Kantenl\u00e4nge": ["Private Entsorger"], "Asbestzement kleiner als 90 cm Kantenl\u00e4nge": ["Private Entsorger", "Mistplatz"], "\u00c4ste, zerkleinert": ["Biotonne", "Mistplatz"], "Autobatterien": ["Fachhandel", "Problemstoffsammelstelle", "Mistplatz"], "Autoglas": ["Mistplatz"], "Autopflegemittel": ["Problemstoffsammelstelle", "Mistplatz"], "Autoreifen": ["Fachhandel", "Mistplatz"], "Autoteile aus Kunststoff": ["Restm\u00fclltonne", "Mistplatz"], "Autoteile aus Metall (\u00f6lfrei)": ["Fachhandel", "Mistplatz"], "Autowracks": ["Fachhandel", "\u00d6AMTC", "ARB\u00d6"]}, "B": {"Babywindeln": ["Restm\u00fclltonne", "Mistplatz"], "Backrohrreiniger": ["Problemstoffsammelstelle", "Mistplatz"], "Batterien bis 5 kg": ["Fachhandel", "Problemstoffsammelstelle", "Mistplatz"], "Batterien \u00fcber 5 kg": ["Fachhandel"], "Baumst\u00e4mme": ["Mistplatz"], "Bauschutt": ["Mistplatz"], "Baustellenabf\u00e4lle": ["Mistplatz"], "Becher von Milchprodukten": ["Restm\u00fclltonne", "Mistplatz"], "Bekleidung": ["Altkleidersammlung", "Restm\u00fclltonne", "Mistplatz"], "Benzin": ["Problemstoffsammelstelle", "Mistplatz"], "Beschichtetes Papier": ["Restm\u00fclltonne", "Mistplatz"], "Bettw\u00e4sche": ["Altkleidersammlung", "Restm\u00fclltonne", "Mistplatz"], "Bierkapseln": ["Metalltonne", "Mistplatz"], "Bildschirme": ["Fachhandel", "Mistplatz"], "Binden": ["Restm\u00fclltonne", "Mistplatz"], "Bl\u00e4hton (zum Beispiel von Hydrokulturen)": ["Restm\u00fclltonne", "Mistplatz"], "Blechdosen (zum Beispiel Obstkonserven)": ["Metalltonne", "Mistplatz"], "Bleche": ["Metalltonne", "Mistplatz"], "Blechgeschirr": ["Metalltonne", "Mistplatz"], "Blechspielzeug": ["Metalltonne", "Mistplatz"], "Bleikristallglas": ["Restm\u00fclltonne", "Mistplatz"], "Blisterverpackungen leer (zum Beispiel Tablettenverpackungen)": ["Restm\u00fclltonne", "Mistplatz"], "Blumenerde": ["Mistplatz", "Biotonne (geringe Mengen)"], "Blument\u00f6pfe aus Asbestzement": ["Mistplatz"], "Blument\u00f6pfe aus Kunststoff": ["Restm\u00fclltonne", "Mistplatz"], "Blument\u00f6pfe aus Keramik": ["Mistplatz"], "Bodenbel\u00e4ge": ["Mistplatz"], "Bodenpflegemittel": ["Problemstoffsammelstelle", "Mistplatz"], "Brennholz": ["Mistplatz"], "Briefkuvert": ["Altpapiertonne", "Mistplatz"], "Briefpapier": ["Altpapiertonne", "Mistplatz"], "B\u00fccher": ["Altpapiertonne", "Mistplatz"], "Buntglas": ["Glascontainer", "Mistplatz"], "Butterpapier": ["Altpapiertonne", "Mistplatz"], "Butterverpackungen": ["Restm\u00fclltonne", "Mistplatz"]}, "C": {"CDs": ["Problemstoffsammelstelle", "Mistplatz"], "Ceranfelder": ["Fachhandel", "Mistplatz"], "Chemikalien": ["Problemstoffsammelstelle", "Mistplatz"], "Christbaum": ["Christbaumsammelstelle", "Mistplatz"], "Couch": ["Mistplatz"]}, "D": {"Dachwelleternit": ["Mistplatz", "private Entsorger"], "Wei\u00dfe und bunte EPS-D\u00e4mmplatten (\"Kugerl\" zu sehen)": ["Mistplatz - Sperrm\u00fcll"], "XPS-Platten (keine \"Kugerl\" zu sehen), zum Beispiel Rosa, Gr\u00fcn, Blau, selten Wei\u00df": ["Zentrale Problemstoffsammlung"], "Desinfektionsmittel": ["Problemstoffsammelstelle", "Mistplatz"], "Dichtungen aus festgebundenen Asbestfasern": ["Mistplatz"], "Dieselfilter": ["Problemstoffsammelstelle", "Mistplatz"], "Dispersionsfarben": ["Problemstoffsammelstelle", "Mistplatz"], "Draht": ["Metalltonne", "Mistplatz"], "Drahtglas": ["Restm\u00fclltonne", "Mistplatz"], "Drucker gr\u00f6\u00dfer 50 cm - Kantenl\u00e4nge": ["Mistplatz"], "Drucker kleiner 50 cm -  Kantenl\u00e4nge": ["Problemstoffsammelstelle", "Mistplatz"], "Druckerpatronen und Toner": ["Fachhandel", "Problemstoffsammelstelle", "Mistplatz"], "D\u00fcngemittel": ["Problemstoffsammelstelle", "Mistplatz"], "Durchschreibepapier": ["Restm\u00fclltonne", "Mistplatz"], "DVD-Player gr\u00f6\u00dfer 50 cm - Kantenl\u00e4nge": ["Mistplatz"], "DVD-Player kleiner 50 cm - Kantenl\u00e4nge": ["Problemstoffsammelstelle", "Mistplatz"], "DVDs": ["48er-Basar", "Problemstoffsammelstelle", "Mistplatz"]}, "E": {"Eierschalen": ["Restm\u00fclltonne", "Mistplatz"], "Einkaufssackerl aus Kunststoff": ["Restm\u00fclltonne", "Mistplatz"], "Einwegspritzen (in durchstichfester Verpackung)": ["Problemstoffsammelstelle", "Mistplatz"], "Eisen": ["Metalltonne", "Mistplatz"], "Elektroaltger\u00e4te gr\u00f6\u00dfer 50 cm  Kantenl\u00e4nge": ["Mistplatz"], "Elektroaltger\u00e4te kleiner 50 cm  Kantenl\u00e4nge": ["Problemstoffsammelstelle", "Mistplatz"], "Emailfarben": ["Problemstoffsammelstelle", "Mistplatz"], "Energiesparlampen": ["Fachhandel", "Problemstoffsammelstelle", "Mistplatz"], "Entkalker": ["Problemstoffsammelstelle", "Mistplatz"], "Entroster": ["Problemstoffsammelstelle", "Mistplatz"], "Erde, Erdaushub": ["Mistplatz"], "Essensreste": ["Restm\u00fclltonne", "Mistplatz"], "Eternit": ["Private Entsorger", "Mistplatz"]}, "F": {"Fahrradreifen und -schl\u00e4uche": ["Restm\u00fclltonne", "Mistplatz"], "Fahrradteile": ["Mistplatz"], "Farbb\u00e4nder": ["Problemstoffsammelstelle", "Mistplatz"], "Farbdosen (jedoch nur pinselrein)": ["Metalltonne", "Mistplatz"], "Farbdosen und -k\u00fcbel mit fl\u00fcssigen Farbresten": ["Problemstoffsammelstelle", "Mistplatz"], "Farben": ["Problemstoffsammelstelle", "Mistplatz"], "Farbfilme und Farbfotos": ["Restm\u00fclltonne", "Mistplatz"], "Farbk\u00fcbel (pinselrein ohne Metallb\u00fcgel)": ["Mistplatz"], "Farbreste": ["Problemstoffsammelstelle", "Mistplatz"], "Farbverd\u00fcnner": ["Problemstoffsammelstelle", "Mistplatz"], "Faxger\u00e4te gr\u00f6\u00dfer 50 cm Kantenl\u00e4nge": ["Mistplatz"], "Faxger\u00e4te kleiner 50 cm Kantenl\u00e4nge": ["Problemstoffsammelstelle", "Mistplatz"], "Faxthermopapier": ["Restm\u00fclltonne", "Mistplatz"], "Federn": ["Restm\u00fclltonne", "Mistplatz"], "Fenster": ["Mistplatz"], "Fensterdichtungen": ["Restm\u00fclltonne", "Mistplatz"], "Fensterglas": ["Mistplatz"], "Fernsehger\u00e4te": ["Fachhandel", "Mistplatz"], "Festplatten mit heiklen Daten": ["Private Entsorger"], "Festplatten ohne heiklen Daten": ["Problemstoffsammelstelle", "Mistplatz"], "Fette": ["Problemstoffsammelstelle", "Mistplatz"], "Feuchtt\u00fccher": ["Restm\u00fclltonne"], "Feuerfestes Glas": ["Restm\u00fclltonne", "Mistplatz"], "Feuerl\u00f6scher": ["Problemstoffsammelstelle", "Mistplatz"], "Feuerwerksk\u00f6rper": ["Private Entsorger", "Polizei"], "Fieberthermometer": ["Problemstoffsammelstelle", "Mistplatz"], "Filzstifte - L\u00f6sungsmittelfrei": ["Restm\u00fclltonne", "Mistplatz"], "Filzstifte mit L\u00f6sungsmittel": ["Problemstoffsammelstelle", "Mistplatz"], "Fleckputzmittel": ["Problemstoffsammelstelle", "Mistplatz"], "Fleischabf\u00e4lle": ["Restm\u00fclltonne", "Mistplatz"], "Fleischtasse": ["Restm\u00fclltonne", "Mistplatz"], "F\u00f6n": ["Problemstoffsammelstelle", "Mistplatz"], "Fotoapparate": ["Problemstoffsammelstelle", "Mistplatz"], "Fotochemikalien": ["Problemstoffsammelstelle", "Mistplatz"], "Fotos": ["Restm\u00fclltonne", "Mistplatz"], "Frischhaltefolien": ["Restm\u00fclltonne", "Mistplatz"], "Frittier\u00f6le": ["Problemstoffsammelstelle", "Mistplatz"], "Frostschutzmittel": ["Problemstoffsammelstelle", "Mistplatz"]}, "G": {"Gartenabf\u00e4lle": ["Biotonne", "Mistplatz"], "Gartenschlauch": ["Restm\u00fclltonne", "Mistplatz"], "Gasflaschen mit Inhalt und Ventil": ["Zentrale Problemstoffsammelstelle"], "Gasflaschen ohne Inhalt und Ventil": ["Mistplatz"], "Gem\u00fcse (gekocht)": ["Restm\u00fclltonne", "Mistplatz"], "Gem\u00fcseabf\u00e4lle (ungekocht)": ["Biotonne", "Mistplatz"], "Gesch\u00e4umte Kunststoffe": ["Restm\u00fclltonne", "Misplatz"], "Geschirrsp\u00fcler": ["Fachhandel", "Mistplatz"], "Getr\u00e4nkedosen": ["Metalltonne", "Mistplatz"], "Getr\u00e4nkepackungen": ["Gelbe Tonne"], "Gewerbeger\u00e4te (K\u00fchlger\u00e4te, Kopierer, Getr\u00e4nkeautomat, \u0085)": ["Fachhandel", "Zentrale Problemstoffsammelstelle"], "Gifte aller Art": ["Problemstoffsammelstelle", "Mistplatz"], "Gipskartonplatten": ["Mistplatz"], "Glasflaschen": ["Glascontainer", "Mistplatz"], "Glasgeschirr": ["Restm\u00fclltonne", "Mistplatz"], "Glaswolle f\u00fcr Isolierzwecke": ["Mistplatz"], "Gl\u00fchbirnen (keine Sparlampen)": ["Restm\u00fclltonne", "Mistplatz"], "Gras": ["Biotonne", "Mistplatz"], "Gummi": ["Restm\u00fclltonne", "Mistplatz"], "Gurkengl\u00e4ser": ["Glascontainer", "Mistplatz"], "G\u00fcrtel": ["Altkleidersammlung", "Restm\u00fclltonne", "Mistplatz"]}, "H": {"Haare": ["Restm\u00fclltonne", "Mistplatz"], "Halogenlampen und Halogenspots": ["Restm\u00fclltonne", "Mistplatz"], "Hartkunststoffe (zum Beispiel Zahnb\u00fcrsten)": ["Restm\u00fclltonne", "Mistplatz"], "Haushaltsger\u00e4te gr\u00f6\u00dfer als 50 cm  Kantenl\u00e4nge": ["Fachhandel", "Mistplatz"], "Haushaltsger\u00e4te kleiner als 50 cm Kantenl\u00e4nge": ["Fachhandel", "Problemstoffsammelstelle", "Mistplatz"], "Haustiermist": ["Restm\u00fclltonne", "Mistplatz"], "HDPE-Flaschen (zum Beispiel Shampooflaschen)": ["Gelbe Tonne"], "Heckenschnitt": ["Biotonne", "Mistplatz"], "Hefte": ["Altpapiertonne", "Mistplatz"], "Heiz\u00f6lreste": ["Problemstoffsammelstelle", "Mistplatz"], "Heraklith": ["Restm\u00fclltonne", "Mistplatz"], "Holz": ["Mistplatz"], "Holzasche kalt": ["Restm\u00fclltonne", "Mistplatz"], "Holzschutzmittel": ["Problemstoffsammelstelle", "Mistplatz"], "Hundekot": ["Restm\u00fclltonne", "Mistplatz"], "Hydraulik\u00f6le": ["Problemstoffsammelstelle", "Mistplatz"], "Hygieneartikel, -papiere": ["Restm\u00fclltonne", "Mistplatz"]}, "I": {"Illustrierte (ohne Kunststoffh\u00fclle)": ["Altpapiertonne", "Mistplatz"], "Isolierglas": ["Restm\u00fclltonne", "Mistplatz"]}, "J": {"Joghurtbecher": ["Restm\u00fclltonne", "Mistplatz"], "Joghurtbecherdeckel": ["Metalltonne", "Mistplatz"]}, "K": {"Kabel": ["Metalltonne", "Mistplatz"], "Kaffeemaschinen": ["Fachhandel", "Mistplatz"], "Kaffeesud": ["Biotonne", "Mistplatz"], "Kaffeeverpackungen aus Aluminium": ["Metalltonne", "Mistplatz"], "Kaffeeverpackungen aus Kunststoff": ["Restm\u00fclltonne", "Mistplatz"], "Kaffeeverpackungen (Vakuumverpackungen)": ["Restm\u00fclltonne", "Mistplatz"], "Kameras": ["Problemstoffsammelstelle", "Mistplatz"], "Kartons, Kartonagen": ["Altpapiertonne", "Mistplatz"], "Kataloge (ohne Kunststoffh\u00fclle)": ["Altpapiertonne", "Mistplatz"], "Katalysatoren": ["Fachhandel", "Problemstoffsammelstelle", "Mistplatz"], "Katzenstreu": ["Restm\u00fclltonne", "Mistplatz"], "Kehricht": ["Restm\u00fclltonne", "Mistplatz"], "Keramikteile gro\u00df (z.B. Waschbecken)": ["Mistplatz"], "Keramikteile klein (z.B. H\u00e4ferl)": ["Restm\u00fclltonne", "Mistplatz"], "Kerzenreste": ["Restm\u00fclltonne", "Mistplatz"], "Kitte": ["Problemstoffsammelstelle", "Mistplatz"], "Kitte ausgeh\u00e4rtet": ["Restm\u00fclltonne", "Mistplatz"], "Klebeb\u00e4nder": ["Restm\u00fclltonne", "Mistplatz"], "Klebstoffe": ["Problemstoffsammelstelle", "Mistplatz"], "Klebstofftuben und -dosen": ["Problemstoffsammelstelle", "Mistplatz"], "Kleidungsst\u00fccke (nicht tragbar)": ["Restm\u00fclltonne", "Mistplatz"], "Kleidungsst\u00fccke (tragbar, rein)": ["Altkleidersammlung", "Mistplatz"], "Kleintiermist": ["Restm\u00fclltonne", "Mistplatz"], "Klimager\u00e4te": ["Fachhandel", "Mistplatz"], "Knochen": ["Restm\u00fclltonne", "Mistplatz"], "Knopfzellen": ["Fachhandel", "Problemstoffsammelstelle", "Mistplatz"], "Kohle- und Durchschreibepapier": ["Restm\u00fclltonne", "Mistplatz"], "Kohlen- und Koksasche (kalt)": ["Restm\u00fclltonne", "Mistplatz"], "Konservendosen": ["Metalltonne", "Mistplatz"], "Konservengl\u00e4ser": ["Glascontainer", "Mistplatz"], "Korken": ["Restm\u00fclltonne", "Mistplatz"], "Kosmetika": ["Problemstoffsammelstelle", "Mistplatz"], "Kosmetikverpackungen aus Glas": ["Glascontainer", "Mistplatz"], "Kosmetikverpackungen aus Keramik": ["Restm\u00fclltonne", "Mistplatz"], "Kronenkorken": ["Metalltonne", "Mistplatz"], "K\u00fchlmittel": ["Problemstoffsammelstelle", "Mistplatz"], "K\u00fchlschr\u00e4nke": ["Fachhandel", "Mistplatz"], "Kugelschreiber": ["Restm\u00fclltonne", "Mistplatz"], "Kunststoff-, Bau- und Isoliermaterial": ["Mistplatz"], "Kunststoffflaschen (Einweg)": ["Plastikflaschentonne", "Mistplatz"], "Kunststofffolien (gro\u00df)": ["Mistplatz"], "Kunststoffspielzeug": ["Restm\u00fclltonne", "Mistplatz"], "Kunststoffverschl\u00fcsse": ["Restm\u00fclltonne", "Mistplatz"], "Kupferrohre": ["Metalltonne", "Mistplatz"], "Kuverts": ["Altpapiertonne", "Mistplatz"]}, "L": {"Lackdosen": ["Problemstoffsammelstelle", "Mistplatz"], "Lackreste": ["Problemstoffsammelstelle", "Mistplatz"], "Lampenschirmglas": ["Restm\u00fclltonne", "Mistplatz"], "Laub": ["Biotonne", "Mistplatz"], "Laugen": ["Problemstoffsammelstelle", "Mistplatz"], "Lederabf\u00e4lle": ["Restm\u00fclltonne", "Mistplatz"], "LED-Lampen": ["Problemstoffsammelstelle", "Mistplatz"], "Leuchtstoffr\u00f6hren": ["Fachhandel", "Problemstoffsammelstelle", "Mistplatz"], "L\u00f6sungsmittel": ["Problemstoffsammelstelle", "Mistplatz"], "Luftfilter": ["Restm\u00fclltonne", "Mistplatz"]}, "M": {"Margarinebecher": ["Restm\u00fclltonne", "Mistplatz"], "Marmeladegl\u00e4ser": ["Glascontainer", "Mistplatz"], "Matratzen": ["Mistplatz"], "Medikamente": ["Apotheken", "Problemstoffsammelstelle", "Mistplatz"], "Metallbearbeitungs\u00f6le": ["Problemstoffsammelstelle", "Mistplatz"], "Metallputzmittel": ["Problemstoffsammelstelle", "Mistplatz"], "Mikrowelle gr\u00f6\u00dfer als 50 cm Kantenl\u00e4nge": ["Fachhandel", "Mistplatz"], "Mikrowelle kleiner als 50 cm Kantenl\u00e4nge": ["Fachhandel", "Problemstoffsammelstelle", "Mistplatz"], "Milchprodukte": ["Restm\u00fclltonne", "Mistplatz"], "Milchverpackungen": ["Gelbe Tonne"], "Mineral\u00f6le": ["Problemstoffsammelstelle", "Mistplatz"], "Mineralwolle f\u00fcr Isolierzwecke": ["Restm\u00fclltonne", "Mistplatz"], "Mixer": ["Problemstoffsammelstelle", "Mistplatz"], "M\u00f6bel": ["Mistplatz"], "Mobiltelefone": ["Problemstoffsammelstelle", "Mistplatz"], "Monitore": ["Fachhandel", "Mistplatz"], "Motoren oder Motorenteile": ["Private Entsorger"], "Motor\u00f6lflaschen": ["Problemstoffsammelstelle", "Mistplatz"], "Mottenschutzmittel": ["Problemstoffsammelstelle", "Mistplatz"], "Munition": ["Private Entsorger", "Fachhandel"], "Musikkassetten": ["Restm\u00fclltonne", "Mistplatz"]}, "N": {"Nachtspeicher\u00f6fen (unzerlegt)": ["Private Entsorger", "Zentrale Problemstoffsammelstelle nach telefonischer Voranmeldung unter +43 1 258 35 21-48866 oder -48867"], "N\u00e4gel": ["Metalltonne", "Mistplatz"], "Nagellacke": ["Problemstoffsammelstelle", "Mistplatz"], "Nagellackentferner": ["Problemstoffsammelstelle", "Mistplatz"], "Neonr\u00f6hren": ["Fachhandel", "Problemstoffsammelstelle", "Mistplatz"], "Nitroverd\u00fcnnungen": ["Problemstoffsammelstelle", "Mistplatz"]}, "O": {"Obstabf\u00e4lle": ["Biotonne", "Mistplatz"], "\u00d6fen (keine Nachtspeicher\u00f6fen)": ["Mistplatz"], "\u00d6ldosen": ["Problemstoffsammelstelle", "Mistplatz"], "\u00d6le": ["Problemstoffsammelstelle", "Mistplatz"], "\u00d6lfilter": ["Problemstoffsammelstelle", "Mistplatz"], "\u00d6lradiatoren": ["Mistplatz"], "\u00d6lverschmutzte Gegenst\u00e4nde": ["Problemstoffsammelstelle", "Mistplatz"]}, "P": {"Packpapier": ["Altpapiertonne", "Mistplatz"], "Papier": ["Altpapiertonne", "Mistplatz"], "Papier (stark verschmutzt)": ["Restm\u00fclltonne", "Mistplatz"], "PET-Flaschen (Getr\u00e4nkeflaschen)": ["Gelbe Tonne"], "Petroleum": ["Problemstoffsammelstelle", "Mistplatz"], "Pflanzenschutzmittel": ["Problemstoffsammelstelle", "Mistplatz"], "Pillenverpackungen aus Kunststoff (leer)": ["Restm\u00fclltonne", "Mistplatz"], "Plastikflaschen (PET- oder HDPE-Flaschen)": ["Gelbe Tonne"], "Plastiksackerl": ["Restm\u00fclltonne", "Mistplatz"], "Wei\u00dfe und bunte EPS-D\u00e4mmplatten (\"Kugerl\" zu sehen)": ["Mistplatz - Sperrm\u00fcll"], "XPS-Platten (keine \"Kugerl\" zu sehen), zum Beispiel Rosa, Gr\u00fcn, Blau, selten Wei\u00df": ["Zentrale Problemstoffsammlung"], "Porzellan": ["Restm\u00fclltonne", "Mistplatz"], "Pressspanplatten": ["Mistplatz"], "Prospekte": ["Altpapiertonne", "Mistplatz"], "Putzchemikalien": ["Problemstoffsammelstelle", "Mistplatz"]}, "Q": {"Quecksilber": ["Problemstoffsammelstelle", "Mistplatz"]}, "R": {"Radioaktive Stoffe": ["Nuclear Engineering (Seibersdorf) \u0096 siehe www.nes.at"], "Radioger\u00e4te gr\u00f6\u00dfer als 50 cm Kantenl\u00e4nge": ["Mistplatz"], "Radioger\u00e4te kleiner als 50 cm Kantenl\u00e4nge": ["Problemstoffsammelstelle", "Mistplatz"], "Rasenschnitt": ["Biotonne", "Mistplatz"], "Rattengift": ["Problemstoffsammelstelle", "Mistplatz"], "Receiver gr\u00f6\u00dfer als 50 cm Kantenl\u00e4nge": ["Mistplatz"], "Receiver kleiner als 50 cm Kantenl\u00e4nge": ["Problemstoffsammelstelle", "Mistplatz"], "Reifen LKW, Traktor, Baumaschine": ["Fachhandel"], "Reifen PKW": ["Fachhandel", "Mistplatz"], "Reinigungsmittel": ["Problemstoffsammelstelle", "Mistplatz"], "Rigipsplatten": ["Mistplatz"], "Rohrleitungen aus Asbestzement": ["Private Entsorger", "Mistplatz"], "R\u00f6ntgenbilder": ["Problemstoffsammelstelle", "Mistplatz"], "Rostschutzmittel": ["Problemstoffsammelstelle", "Mistplatz"]}, "S": {"Saatbeize": ["Problemstoffsammelstelle", "Mistplatz"], "Saftverpackungen": ["Gelbe Tonne"], "Salben": ["Apotheken", "Problemstoffsammelstelle", "Mistplatz"], "Sanit\u00e4rreiniger": ["Problemstoffsammelstelle", "Mistplatz"], "Satellitenanlagen": ["Mistplatz"], "S\u00e4uren": ["Problemstoffsammelstelle", "Mistplatz"], "Scanner": ["Problemstoffsammelstelle", "Mistplatz"], "Schachteln": ["Altpapiertonne", "Mistplatz"], "Sch\u00e4dlingsbek\u00e4mpfungsmittel": ["Problemstoffsammelstelle", "Mistplatz"], "Schalen von Fr\u00fcchten": ["Biotonne", "Mistplatz"], "Schallplatten": ["Restm\u00fclltonne", "Mistplatz"], "Schaumstoffe": ["Restm\u00fclltonne", "Mistplatz"], "Schie\u00dfmittel": ["Private Entsorger", "Polizei"], "Schlagobersverpackungen": ["Gelbe Tonne"], "Schmier\u00f6le": ["Problemstoffsammelstelle", "Mistplatz"], "Schneckengift": ["Problemstoffsammelstelle", "Mistplatz"], "Schneidereiabf\u00e4lle": ["Restm\u00fclltonne", "Mistplatz"], "Schnittblumen": ["Biotonne", "Mistplatz"], "Schokoladealufolie": ["Metalltonne", "Mistplatz"], "Schrauben": ["Metalltonne", "Mistplatz"], "Schraubverschl\u00fcsse (aus Kunststoff)": ["Restm\u00fclltonne", "Mistplatz"], "Schraubverschl\u00fcsse (aus Metall)": ["Metalltonne", "Mistplatz"], "Schreibmaschinenkassetten": ["Problemstoffsammelstelle", "Mistplatz"], "Schreibpapier": ["Altpapiertonne", "Mistplatz"], "Schuhcremedosen (rein und leer)": ["Metalltonne", "Mistplatz"], "Schuhe": ["Altkleidersammlung", "Restm\u00fclltonne", "Mistplatz"], "Schutt (Bauschutt)": ["Mistplatz"], "Senftuben (aus Kunststoff)": ["Restm\u00fclltonne", "Mistplatz"], "Senftuben (aus Metall)": ["Metalltonne", "Mistplatz"], "Shampooflaschen": ["Gelbe Tonne"], "Ski": ["Mistplatz"], "Solarzellen": ["Mistplatz"], "Sparlampen": ["Fachhandel", "Problemstoffsammelstelle", "Mistplatz"], "Speicherkarten mit heiklen Daten": ["Fachhandel"], "Speicherkarten ohne heikle Daten": ["Problemstoffsammelstelle", "Mistplatz"], "Speisefette": ["Problemstoffsammelstelle", "Mistplatz"], "Speise\u00f6le": ["Problemstoffsammelstelle", "Mistplatz"], "Speise\u00f6lflaschen (leer)": ["Metalltonne", "Plastikflaschentonne", "Glascontainer", "Mistplatz"], "Speisereste": ["Restm\u00fclltonne", "Mistplatz"], "Sperrm\u00fcll": ["Mistplatz"], "Spiegelglas": ["Mistplatz"], "Spraydosen (mit Restinhalt)": ["Problemstoffsammelstelle", "Mistplatz"], "Sprengmittel": ["Private Entsorger", "Polizei"], "Spritzmittelbeh\u00e4lter": ["Problemstoffsammelstelle", "Mistplatz"], "Sp\u00fclmittelflaschen (leer)": ["Gelbe Tonne"], "Stanniolpapier": ["Metalltonne", "Mistplatz"], "Staubsaugerbeutel": ["Restm\u00fclltonne", "Mistplatz"], "Steine": ["Mistplatz"], "Steinwolle f\u00fcr Isolierzwecke": ["Mistplatz"], "Steingutgeschirr": ["Restm\u00fclltonne", "Mistplatz"], "Steingutverpackungen": ["Restm\u00fclltonne", "Mistplatz"], "Stoffreste": ["Restm\u00fclltonne", "Mistplatz"], "Stofftapeten": ["Restm\u00fclltonne", "Mistplatz"], "Sto\u00dfstangen aus Kunststoff": ["Restm\u00fclltonne", "Mistplatz"], "Strauchschnitt": ["Biotonne", "Mistplatz"], "Streusand": ["Mistplatz"], "Wei\u00dfe und bunte EPS-D\u00e4mmplatten (\"Kugerl\" zu sehen)": ["Mistplatz - Sperrm\u00fcll"], "XPS-Platten (keine \"Kugerl\" zu sehen), zum Beispiel Rosa, Gr\u00fcn, Blau, selten Wei\u00df": ["Zentrale Problemstoffsammlung"]}, "T": {"Tabletten": ["Apotheken", "Problemstoffsammelstelle", "Mistplatz"], "Tablettenverpackungen aus Kunststoff (leer)": ["Restm\u00fclltonne", "Mistplatz"], "Tapeten": ["Restm\u00fclltonne", "Mistplatz"], "Taschenrechner": ["Problemstoffsammelstelle", "Mistplatz"], "Teebeutel": ["Restm\u00fclltonne", "Mistplatz"], "Teerpappe": ["Mistplatz"], "Teesud": ["Biotonne", "Mistplatz"], "Teppiche, Teppichbodenbel\u00e4ge": ["Restm\u00fclltonne", "Mistplatz"], "Tetra Pak": ["Gelbe Tonne"], "Textilien": ["Altkleidersammlung", "Mistplatz"], "Textilien (keine Kleidungsst\u00fccke)": ["Restm\u00fclltonne", "Mistplatz"], "Textmarker - L\u00f6sungsmittelfrei": ["Restm\u00fclltonne", "Mistplatz"], "Textmarker mit L\u00f6sungsmittel": ["Problemstoffsammelstelle", "Mistplatz"], "Thermometer": ["Problemstoffsammelstelle", "Mistplatz"], "Thermopapier": ["Restm\u00fclltonne", "Mistplatz"], "Tiefk\u00fchlverpackungen aus reinem Karton": ["Altpapiertonne", "Mistplatz"], "Tiefk\u00fchlverpackungen (kunststoffbeschichtet)": ["Restm\u00fclltonne", "Mistplatz"], "Tischw\u00e4sche": ["Altkleidersammlung", "Restm\u00fclltonne", "Mistplatz"], "Toaster": ["Problemstoffsammelstelle", "Mistplatz"], "Toilettensch\u00fcssel": ["Mistplatz"], "Tonbandkassetten": ["Restm\u00fclltonne", "Mistplatz"], "Tonerkassetten und Druckerpatronen": ["Fachhandel", "Problemstoffsammelstelle", "Mistplatz"], "Tonwaren (kleine Mengen)": ["Restm\u00fclltonne", "Mistplatz"], "Tonwaren (gro\u00dfe Mengen)": ["Mistplatz"], "Topfpflanzen (ohne Topf)": ["Biotonne", "Mistplatz"], "Tropfen, Medikamente": ["Apotheken", "Problemstoffsammelstelle", "Mistplatz"], "T\u00fcren": ["Mistplatz"], "TV-Ger\u00e4te": ["Fachhandel", "Mistplatz"]}, "U": {"Unkraut": ["Biotonne", "Mistplatz"], "Unkrautvernichtungsmittel": ["Problemstoffsammelstelle", "Mistplatz"], "Unterhaltungselektronik gr\u00f6\u00dfer als 50 cm Kantenl\u00e4nge": ["Mistplatz"], "Unterhaltungselektronik kleiner als 50 cm Kantenl\u00e4nge": ["Problemstoffsammelstelle", "Mistplatz"]}, "V": {"Ventilatoren gr\u00f6\u00dfer als 50 cm Kantenl\u00e4nge": ["Mistplatz"], "Ventilatoren kleiner als 50 cm Kantenl\u00e4nge": ["Problemstoffsammelstelle", "Mistplatz"], "Verbundglas": ["Restm\u00fclltonne", "Mistplatz"], "Verdorbene Lebensmittel": ["Restm\u00fclltonne", "Mistplatz"], "Verpackungschips": ["Restm\u00fclltonne", "Mistplatz"], "Verpackungsfolien (gro\u00df)": ["Mistplatz"], "Verpackungsstyropor": ["Mistplatz - Styropor"], "Videokassetten": ["Restm\u00fclltonne", "Mistplatz"], "Videorekorder gr\u00f6\u00dfer als 50 cm Kantenl\u00e4nge": ["Mistplatz"], "Videorekorder kleiner als 50 cm Kantenl\u00e4nge": ["Problemstoffsammelstelle", "Mistplatz"]}, "W": {"Waschbecken": ["Mistplatz"], "Waschbenzin": ["Problemstoffsammelstelle", "Mistplatz"], "W\u00e4schetrockner": ["Fachhandel", "Mistplatz"], "Waschmaschinen": ["Fachhandel", "Mistplatz"], "Waschmittelflaschen": ["Plastikflaschentonne", "Mistplatz"], "WC-Duftsteine": ["Problemstoffsammelstelle", "Mistplatz"], "WC-Reiniger": ["Problemstoffsammelstelle", "Mistplatz"], "Wegwerffeuerzeuge": ["Restm\u00fclltonne", "Mistplatz"], "Wei\u00dfblech": ["Metalltonne", "Mistplatz"], "Welleternit": ["Mistplatz", "private Entsorger"], "Wellpappe": ["Altpapiertonne", "Mistplatz"], "Windeln": ["Restm\u00fclltonne", "Mistplatz"], "Windschutzscheiben": ["Mistplatz"], "Wolldecken": ["Altkleidersammlung", "Restm\u00fclltonne", "Mistplatz"], "Wurzelst\u00f6cke": ["Mistplatz"]}, "X": {"XPS-D\u00e4mmplatten": ["Abfallbehandlungsanlage"]}, "Z": {"Zahnb\u00fcrsten (elektrisch)": ["Problemstoffsammelstelle", "Mistplatz"], "Zeitungen": ["Altpapiertonne", "Mistplatz"], "Zellophan": ["Restm\u00fclltonne", "Mistplatz"], "Zements\u00e4cke": ["Restm\u00fclltonne", "Mistplatz"], "Zigarettenschachteln": ["Restm\u00fclltonne", "Mistplatz"], "Zweige": ["Biotonne", "Mistplatz"]}}